<?xml version="1.0" encoding="UTF-8"?>
<package packagerversion="1.4.5" version="2.0" xmlns="http://pear.php.net/dtd/package-2.0" xmlns:tasks="http://pear.php.net/dtd/tasks-1.0" xmlns:xsi="http://www.w3.org/2001/XMLSchema-instance" xsi:schemaLocation="http://pear.php.net/dtd/tasks-1.0
http://pear.php.net/dtd/tasks-1.0.xsd
http://pear.php.net/dtd/package-2.0
http://pear.php.net/dtd/package-2.0.xsd">
 <name>PDO_SQLITE</name>
 <channel>pecl.php.net</channel>
 <summary>SQLite v3 Interface driver for PDO</summary>
 <description>This extension provides an SQLite v3 driver for PDO.
SQLite V3 is NOT compatible with the bundled SQLite 2 in PHP 5, but is a significant
step forwards, featuring complete utf-8 support, native support for blobs,
native support for prepared statements with bound parameters and improved
concurrency.
 
 </description>
 <lead>
  <name>Wez Furlong</name>
  <user>wez</user>
  <email>wez@php.net</email>
  <active>yes</active>
 </lead>
 <date>2006-05-01</date>
 <version>
  <release>1.0.1</release>
  <api>1.0.1</api>
 </version>
 <stability>
  <release>stable</release>
  <api>stable</api>
 </stability>
 <license uri="http://www.php.net/license">PHP</license>
 <notes>
- Updated libsqlite in ext/pdo_sqlite to 3.2.8. (Ilia)
- Upgraded to new package2 format
- Fixed PECL Bug #5633; build issues
- Added sqliteCreateFunction() and sqliteCreateAggregate()
- Fixed PECL Bug #3452; problem when first row of a result set contains a NULL value.
- Upgraded bundled sqlite to 3.1.3
- setting PDO_ATTR_TIMEOUT controls the busy timeout
- Fixed PECL Bug #3391; cannot bind NULL parameters	
- Fixed build problem when building the bundled sqlite library

Windows binary:
http://pecl4win.php.net/ext.php/php_pdo_sqlite.dll
 </notes>
 <contents>
  <dir name="/">
   <dir name="sqlite">
    <dir name="src">
     <file name="alter.c" role="src" />
     <file name="analyze.c" role="src" />
     <file name="attach.c" role="src" />
     <file name="auth.c" role="src" />
     <file name="btree.c" role="src" />
     <file name="btree.h" role="src" />
     <file name="build.c" role="src" />
     <file name="callback.c" role="src" />
     <file name="date.c" role="src" />
     <file name="delete.c" role="src" />
     <file name="expr.c" role="src" />
     <file name="func.c" role="src" />
     <file name="hash.c" role="src" />
     <file name="hash.h" role="src" />
     <file name="insert.c" role="src" />
     <file name="keywordhash.h" role="src" />
     <file name="legacy.c" role="src" />
     <file name="main.c" role="src" />
     <file name="md5.c" role="src" />
     <file name="opcodes.c" role="src" />
     <file name="opcodes.h" role="src" />
     <file name="os.h" role="src" />
     <file name="os.c" role="src" />
     <file name="os_common.h" role="src" />
     <file name="os_test.c" role="src" />
     <file name="os_test.h" role="src" />
     <file name="os_unix.c" role="src" />
     <file name="os_unix.h" role="src" />
     <file name="os_win.c" role="src" />
     <file name="os_win.h" role="src" />
     <file name="pager.c" role="src" />
     <file name="pager.h" role="src" />
     <file name="parse.c" role="src" />
     <file name="parse.h" role="src" />
     <file name="parse.y" role="src" />
     <file name="pragma.c" role="src" />
     <file name="prepare.c" role="src" />
     <file name="printf.c" role="src" />
     <file name="random.c" role="src" />
     <file name="select.c" role="src" />
     <file name="shell.c" role="src" />
     <file name="sqlite.h.in" role="src" />
     <file name="sqliteInt.h" role="src" />
     <file name="table.c" role="src" />
     <file name="tclsqlite.c" role="src" />
     <file name="test1.c" role="src" />
     <file name="test2.c" role="src" />
     <file name="test3.c" role="src" />
     <file name="test4.c" role="src" />
     <file name="test5.c" role="src" />
     <file name="tokenize.c" role="src" />
     <file name="trigger.c" role="src" />
     <file name="update.c" role="src" />
     <file name="utf.c" role="src" />
     <file name="util.c" role="src" />
     <file name="vacuum.c" role="src" />
     <file name="vdbe.c" role="src" />
     <file name="vdbe.h" role="src" />
     <file name="vdbeapi.c" role="src" />
     <file name="vdbeaux.c" role="src" />
     <file name="vdbefifo.c" role="src" />
     <file name="vdbeInt.h" role="src" />
     <file name="vdbemem.c" role="src" />
     <file name="where.c" role="src" />
     <file name="vtab.c" role="src" />
     <file name="loadext.c" role="src" />
     <file name="complete.c" role="src" />
     <file name="sqlite3ext.h" role="src" />
    </dir> <!-- //sqlite/src -->
    <dir name="tool">
     <file name="diffdb.c" role="src" />
     <file name="lemon.c" role="src" />
     <file name="lempar.c" role="src" />
     <file name="memleak.awk" role="src" />
     <file name="memleak2.awk" role="src" />
     <file name="memleak3.tcl" role="src" />
     <file name="mkkeywordhash.c" role="src" />
     <file name="mkopts.tcl" role="src" />
     <file name="opcodeDoc.awk" role="src" />
     <file name="report1.txt" role="src" />
     <file name="showdb.c" role="src" />
     <file name="showjournal.c" role="src" />
     <file name="spaceanal.tcl" role="src" />
     <file name="space_used.tcl" role="src" />
     <file name="speedtest.tcl" role="src" />
     <file name="speedtest2.tcl" role="src" />
    </dir> <!-- //sqlite/tool -->
    <file name="aclocal.m4" role="src" />
    <file name="config.guess" role="src" />
    <file name="config.sub" role="src" />
    <file name="configure" role="src" />
    <file name="configure.ac" role="src" />
    <file name="install-sh" role="src" />
    <file name="ltmain.sh" role="src" />
    <file name="main.mk" role="src" />
    <file name="Makefile.in" role="src" />
    <file name="Makefile.linux-gcc" role="src" />
    <file name="mkdll.sh" role="src" />
    <file name="mkopcodec.awk" role="src" />
    <file name="mkopcodeh.awk" role="src" />
    <file name="mkso.sh" role="src" />
    <file name="publish.sh" role="src" />
    <file name="README" role="src" />
    <file name="spec.template" role="src" />
    <file name="sqlite.1" role="src" />
    <file name="sqlite.pc.in" role="src" />
    <file name="sqlite3.def" role="src" />
    <file name="sqlite3.pc.in" role="src" />
    <file name="VERSION" role="src" />
   </dir> <!-- //sqlite -->
   <file name="config.m4" role="src" />
   <file name="config.w32" role="src" />
   <file name="CREDITS" role="doc" />
   <file name="pdo_sqlite.c" role="src" />
   <file name="php_pdo_sqlite.h" role="src" />
   <file name="php_pdo_sqlite_int.h" role="src" />
   <file name="sqlite_driver.c" role="src" />
   <file name="sqlite_statement.c" role="src" />
  </dir> <!-- / -->
 </contents>
 <dependencies>
  <required>
   <php>
    <min>5.0.3</min>
   </php>
   <pearinstaller>
    <min>1.4.0</min>
   </pearinstaller>
   <package>
    <name>pdo</name>
    <channel>pecl.php.net</channel>
    <min>1.0.3</min>
    <providesextension>PDO</providesextension>
   </package>
  </required>
 </dependencies>
 <providesextension>PDO_SQLITE</providesextension>
 <extsrcrelease />
</package>
<!-- vim:se ts=1 sw=1 et: -->
